Landlord,Asset_Class,Lease_Term_Months,Starting_Ask_psm,Final_Rent_psm,Tenant_Credit,Market_Vacancy
WestProp Holdings,Mixed-Use,36,59.98,58.81,420,0.0318
WestProp Holdings,Residential (Premium),36,61.67,58.5,657,0.1111
Terrace Africa,Retail (Convenience),36,38.41,31.57,421,0.011
WestProp Holdings,Residential (Premium),36,45.53,44.02,574,0.0966
Terrace Africa,Retail (Convenience),36,26.8,22.35,420,0.0731
WestProp Holdings,Mixed-Use,24,49.55,47.45,452,0.0423
Terrace Africa,Retail (Prime),120,31.72,25.82,480,0.0462
Terrace Africa,Retail (Convenience),60,29.08,24.31,590,0.1279
Terrace Africa,Retail (Convenience),120,40.11,34.62,614,0.0829
WestProp Holdings,Mixed-Use,36,56.51,56.2,809,0.1451
WestProp Holdings,Residential (Premium),12,42.62,40.9,726,0.0693
Terrace Africa,Retail (Convenience),120,17.74,14.96,562,0.1206
Terrace Africa,Retail (Prime),120,31.0,26.8,667,0.0563
WestProp Holdings,Mixed-Use,36,43.74,42.53,613,0.1342
WestProp Holdings,Residential (Premium),12,52.81,52.28,654,0.0458
WestProp Holdings,Residential (Premium),12,37.08,35.76,751,0.0991
Terrace Africa,Retail (Convenience),120,37.22,31.14,542,0.1158
Terrace Africa,Retail (Prime),60,24.19,20.66,569,0.1231
Terrace Africa,Retail (Convenience),60,36.97,31.48,527,0.123
WestProp Holdings,Mixed-Use,12,38.85,37.7,520,0.1245
WestProp Holdings,Mixed-Use,12,48.49,47.44,624,0.0268
WestProp Holdings,Residential (Premium),12,45.55,44.08,717,0.146
Terrace Africa,Retail (Prime),36,28.96,24.23,839,0.0152
Terrace Africa,Retail (Convenience),36,17.86,15.05,784,0.0435
Terrace Africa,Retail (Convenience),120,39.02,33.15,602,0.0618
Terrace Africa,Retail (Convenience),60,28.8,24.54,794,0.1243
WestProp Holdings,Mixed-Use,12,47.05,46.61,651,0.1049
WestProp Holdings,Residential (Premium),36,41.08,39.85,816,0.0657
Terrace Africa,Retail (Prime),36,33.35,27.03,550,0.0858
WestProp Holdings,Mixed-Use,12,38.13,37.62,768,0.0439
Terrace Africa,Retail (Prime),120,38.71,31.84,632,0.0589
WestProp Holdings,Mixed-Use,12,61.49,59.39,474,0.141
Terrace Africa,Retail (Convenience),60,29.7,25.78,552,0.0107
Terrace Africa,Retail (Convenience),36,33.15,27.35,560,0.0125
Terrace Africa,Retail (Convenience),120,24.77,20.94,527,0.0896
WestProp Holdings,Mixed-Use,24,43.56,42.69,629,0.065
WestProp Holdings,Residential (Premium),24,55.83,55.24,766,0.079
WestProp Holdings,Mixed-Use,36,42.46,41.1,416,0.1492
Terrace Africa,Retail (Prime),36,39.09,34.18,748,0.0699
WestProp Holdings,Mixed-Use,36,58.08,56.36,815,0.1292
Terrace Africa,Retail (Convenience),120,29.0,25.06,722,0.0898
Terrace Africa,Retail (Prime),60,41.23,34.47,785,0.0552
WestProp Holdings,Residential (Premium),36,53.72,51.88,646,0.0688
Terrace Africa,Retail (Prime),120,18.41,15.47,572,0.0372
Terrace Africa,Retail (Convenience),120,18.32,15.02,491,0.091
WestProp Holdings,Mixed-Use,24,45.31,43.73,524,0.1275
WestProp Holdings,Mixed-Use,36,36.63,35.97,843,0.0557
Terrace Africa,Retail (Convenience),120,39.15,32.35,764,0.0372
WestProp Holdings,Residential (Premium),12,39.47,39.18,505,0.0552
WestProp Holdings,Residential (Premium),36,46.83,44.99,516,0.0213
Terrace Africa,Retail (Prime),60,17.93,14.8,689,0.0436
WestProp Holdings,Mixed-Use,12,61.97,61.58,591,0.0876
WestProp Holdings,Residential (Premium),36,40.14,39.6,584,0.0579
WestProp Holdings,Residential (Premium),24,44.45,43.98,603,0.0124
WestProp Holdings,Residential (Premium),24,46.19,44.57,422,0.0167
Terrace Africa,Retail (Convenience),60,23.33,20.04,841,0.0801
WestProp Holdings,Mixed-Use,36,53.57,53.75,783,0.0991
Terrace Africa,Retail (Convenience),36,30.77,25.51,578,0.1249
WestProp Holdings,Residential (Premium),36,52.66,51.22,796,0.04
WestProp Holdings,Residential (Premium),36,53.1,50.77,663,0.064
Terrace Africa,Retail (Convenience),120,24.01,19.39,513,0.0981
Terrace Africa,Retail (Prime),36,36.68,31.03,756,0.1151
WestProp Holdings,Residential (Premium),24,48.1,45.98,495,0.0577
WestProp Holdings,Mixed-Use,12,48.47,48.42,754,0.0244
Terrace Africa,Retail (Convenience),60,34.72,28.33,418,0.0645
WestProp Holdings,Residential (Premium),36,37.36,36.99,622,0.1431
WestProp Holdings,Mixed-Use,36,48.43,47.89,835,0.1042
WestProp Holdings,Mixed-Use,12,57.45,57.4,585,0.0181
WestProp Holdings,Residential (Premium),36,61.39,60.76,638,0.03
Terrace Africa,Retail (Prime),120,20.12,16.84,567,0.0202
Terrace Africa,Retail (Convenience),36,18.91,15.49,535,0.0624
Terrace Africa,Retail (Prime),36,37.62,31.98,691,0.0627
WestProp Holdings,Mixed-Use,36,50.52,48.22,418,0.0256
WestProp Holdings,Mixed-Use,24,48.99,48.34,716,0.1252
WestProp Holdings,Residential (Premium),12,41.43,40.67,768,0.0216
WestProp Holdings,Mixed-Use,12,55.28,55.56,716,0.0552
WestProp Holdings,Residential (Premium),36,61.61,61.35,840,0.0832
Terrace Africa,Retail (Prime),36,26.61,22.54,658,0.1362
Terrace Africa,Retail (Convenience),60,37.99,31.69,555,0.057
Terrace Africa,Retail (Convenience),60,27.29,22.53,756,0.1464
Terrace Africa,Retail (Prime),36,28.64,23.95,619,0.0479
WestProp Holdings,Residential (Premium),36,59.31,58.34,702,0.1387
Terrace Africa,Retail (Convenience),36,29.89,24.21,688,0.1189
WestProp Holdings,Residential (Premium),24,45.6,44.24,741,0.1261
WestProp Holdings,Mixed-Use,36,36.53,35.15,710,0.1311
WestProp Holdings,Residential (Premium),12,65.07,62.58,452,0.1423
WestProp Holdings,Residential (Premium),24,46.33,44.33,572,0.0949
WestProp Holdings,Mixed-Use,36,52.16,49.57,553,0.0797
WestProp Holdings,Residential (Premium),12,44.45,44.08,788,0.0224
WestProp Holdings,Mixed-Use,36,49.58,49.15,740,0.0995
WestProp Holdings,Mixed-Use,24,52.5,50.23,497,0.0991
WestProp Holdings,Residential (Premium),12,55.97,54.98,734,0.0655
WestProp Holdings,Residential (Premium),24,59.47,59.32,729,0.1176
WestProp Holdings,Mixed-Use,24,51.63,49.8,634,0.0912
WestProp Holdings,Residential (Premium),36,46.41,45.34,799,0.0997
Terrace Africa,Retail (Prime),120,36.86,30.98,559,0.0341
WestProp Holdings,Residential (Premium),24,39.47,38.19,804,0.0868
Terrace Africa,Retail (Convenience),36,36.48,30.85,700,0.055
WestProp Holdings,Residential (Premium),24,53.22,50.68,447,0.0186
WestProp Holdings,Mixed-Use,12,55.94,56.18,702,0.0619
Terrace Africa,Retail (Convenience),60,24.91,21.08,413,0.0307
WestProp Holdings,Residential (Premium),36,58.94,57.7,673,0.0726
WestProp Holdings,Mixed-Use,12,41.18,39.1,438,0.0551
Terrace Africa,Retail (Convenience),36,20.51,16.71,424,0.1051
WestProp Holdings,Mixed-Use,36,36.78,35.87,510,0.1144
WestProp Holdings,Mixed-Use,24,42.12,42.05,719,0.0899
WestProp Holdings,Mixed-Use,12,50.77,48.59,676,0.0314
Terrace Africa,Retail (Convenience),60,20.75,17.58,551,0.1355
WestProp Holdings,Residential (Premium),36,44.31,43.75,619,0.1384
Terrace Africa,Retail (Prime),60,28.62,24.57,840,0.1106
Terrace Africa,Retail (Prime),36,35.58,28.85,517,0.1095
Terrace Africa,Retail (Prime),36,29.45,25.23,719,0.0222
WestProp Holdings,Mixed-Use,36,43.9,41.67,577,0.0736
Terrace Africa,Retail (Convenience),60,22.39,18.29,718,0.1054
WestProp Holdings,Residential (Premium),36,49.44,48.19,494,0.1401
Terrace Africa,Retail (Convenience),120,20.85,17.89,475,0.0631
Terrace Africa,Retail (Convenience),36,18.83,15.47,760,0.1151
WestProp Holdings,Residential (Premium),36,39.22,38.72,809,0.1371
Terrace Africa,Retail (Prime),120,32.39,27.72,687,0.0748
WestProp Holdings,Residential (Premium),12,50.68,49.62,849,0.0861
WestProp Holdings,Residential (Premium),24,36.67,35.39,578,0.0569
WestProp Holdings,Residential (Premium),24,53.48,53.36,819,0.1497
WestProp Holdings,Residential (Premium),12,56.85,53.4,485,0.11
Terrace Africa,Retail (Prime),36,19.79,16.15,627,0.074
WestProp Holdings,Residential (Premium),12,47.9,46.11,731,0.1181
WestProp Holdings,Residential (Premium),24,52.78,50.02,468,0.1258
Terrace Africa,Retail (Convenience),120,23.28,19.54,701,0.0961
Terrace Africa,Retail (Convenience),36,18.89,15.37,715,0.093
Terrace Africa,Retail (Convenience),36,35.04,29.44,505,0.118
WestProp Holdings,Mixed-Use,24,35.52,35.13,613,0.1375
WestProp Holdings,Residential (Premium),24,39.32,38.23,400,0.1318
Terrace Africa,Retail (Prime),36,25.29,21.44,601,0.1224
WestProp Holdings,Residential (Premium),12,45.34,45.25,693,0.0585
Terrace Africa,Retail (Prime),120,26.87,21.96,650,0.0297
WestProp Holdings,Mixed-Use,12,45.41,43.61,462,0.0489
Terrace Africa,Retail (Prime),36,30.01,25.89,576,0.088
WestProp Holdings,Residential (Premium),36,39.55,38.56,540,0.0656
Terrace Africa,Retail (Prime),60,26.03,21.7,828,0.0629
WestProp Holdings,Mixed-Use,36,42.88,41.56,593,0.0848
Terrace Africa,Retail (Convenience),36,34.47,28.01,454,0.1425
Terrace Africa,Retail (Prime),36,32.51,26.36,687,0.1102
WestProp Holdings,Residential (Premium),36,41.95,41.69,727,0.0246
WestProp Holdings,Residential (Premium),36,54.3,53.87,690,0.044
Terrace Africa,Retail (Convenience),36,37.6,31.22,797,0.051
WestProp Holdings,Mixed-Use,36,37.23,36.81,511,0.0354
Terrace Africa,Retail (Convenience),120,37.39,31.29,410,0.0463
WestProp Holdings,Residential (Premium),12,41.97,40.59,655,0.0873
Terrace Africa,Retail (Prime),60,39.02,32.85,480,0.1316
Terrace Africa,Retail (Prime),36,35.78,30.05,608,0.0476
WestProp Holdings,Residential (Premium),24,43.37,42.21,403,0.0285
Terrace Africa,Retail (Prime),60,32.96,28.54,740,0.1241
Terrace Africa,Retail (Prime),60,25.74,22.03,486,0.0249
WestProp Holdings,Residential (Premium),36,42.14,41.27,667,0.0986
Terrace Africa,Retail (Prime),36,36.06,29.81,521,0.0691
Terrace Africa,Retail (Prime),36,22.12,18.9,681,0.0196
WestProp Holdings,Mixed-Use,36,60.27,57.71,626,0.1429
Terrace Africa,Retail (Convenience),36,20.52,17.01,638,0.0467
WestProp Holdings,Residential (Premium),12,47.1,44.81,600,0.1179
WestProp Holdings,Mixed-Use,12,54.21,53.01,503,0.0709
WestProp Holdings,Mixed-Use,36,56.56,55.17,753,0.0244
WestProp Holdings,Residential (Premium),12,59.93,59.99,710,0.083
Terrace Africa,Retail (Convenience),120,35.11,29.96,614,0.1114
Terrace Africa,Retail (Prime),120,36.52,31.27,764,0.1038
Terrace Africa,Retail (Prime),60,38.91,32.95,649,0.0538
WestProp Holdings,Residential (Premium),24,38.49,36.87,481,0.1143
WestProp Holdings,Mixed-Use,36,49.78,47.22,558,0.0611
WestProp Holdings,Mixed-Use,36,60.32,58.18,582,0.0666
Terrace Africa,Retail (Prime),60,29.44,24.34,609,0.0828
Terrace Africa,Retail (Convenience),120,26.12,22.96,813,0.01
Terrace Africa,Retail (Convenience),120,38.37,32.74,428,0.1174
WestProp Holdings,Mixed-Use,36,52.18,51.18,813,0.0685
WestProp Holdings,Residential (Premium),36,40.63,39.98,775,0.0502
Terrace Africa,Retail (Prime),36,18.05,15.52,472,0.0253
Terrace Africa,Retail (Convenience),36,40.89,35.44,826,0.0924
WestProp Holdings,Mixed-Use,24,49.81,48.41,552,0.1141
Terrace Africa,Retail (Convenience),60,35.49,30.43,765,0.0423
Terrace Africa,Retail (Prime),120,22.42,19.09,404,0.0181
WestProp Holdings,Residential (Premium),24,62.55,61.64,778,0.0655
Terrace Africa,Retail (Prime),120,19.95,16.21,519,0.1147
Terrace Africa,Retail (Convenience),120,36.96,32.16,722,0.0482
WestProp Holdings,Residential (Premium),24,60.21,58.54,439,0.1404
Terrace Africa,Retail (Convenience),60,23.13,19.43,788,0.0168
WestProp Holdings,Mixed-Use,12,37.58,37.28,513,0.0793
WestProp Holdings,Residential (Premium),24,58.32,56.76,636,0.1127
Terrace Africa,Retail (Convenience),120,22.37,19.23,568,0.0568
WestProp Holdings,Mixed-Use,36,39.05,37.81,406,0.1334
WestProp Holdings,Residential (Premium),24,61.9,59.86,762,0.042
Terrace Africa,Retail (Convenience),36,28.96,24.54,694,0.037
WestProp Holdings,Residential (Premium),36,51.83,50.8,847,0.0856
Terrace Africa,Retail (Prime),60,33.79,28.44,718,0.0649
WestProp Holdings,Residential (Premium),24,55.03,54.54,591,0.1091
Terrace Africa,Retail (Convenience),60,26.24,21.18,609,0.132
WestProp Holdings,Mixed-Use,36,57.62,55.99,406,0.0192
WestProp Holdings,Residential (Premium),36,57.88,56.49,425,0.0323
Terrace Africa,Retail (Prime),36,19.26,15.84,774,0.1256
Terrace Africa,Retail (Convenience),60,33.96,27.46,594,0.1431
Terrace Africa,Retail (Prime),36,38.76,32.77,661,0.1164
WestProp Holdings,Residential (Premium),24,45.12,44.1,844,0.0381
Terrace Africa,Retail (Convenience),120,29.12,25.71,829,0.0385
Terrace Africa,Retail (Prime),60,27.19,23.38,786,0.1216
Terrace Africa,Retail (Convenience),60,38.22,32.16,621,0.0264
Terrace Africa,Retail (Convenience),60,27.34,23.0,843,0.019
WestProp Holdings,Mixed-Use,36,55.29,55.51,608,0.0116
Terrace Africa,Retail (Convenience),120,29.17,24.41,410,0.1073
Terrace Africa,Retail (Prime),60,18.93,16.02,440,0.0439
Terrace Africa,Retail (Prime),60,27.5,22.46,560,0.0884
Terrace Africa,Retail (Prime),36,28.09,24.7,813,0.0146
Terrace Africa,Retail (Prime),120,19.77,16.03,521,0.1221
WestProp Holdings,Mixed-Use,36,38.93,37.2,522,0.0144
WestProp Holdings,Residential (Premium),24,51.38,51.3,727,0.11
Terrace Africa,Retail (Prime),120,36.98,31.31,607,0.0867
Terrace Africa,Retail (Prime),36,30.83,25.03,413,0.0214
WestProp Holdings,Mixed-Use,12,38.53,37.31,546,0.1466
Terrace Africa,Retail (Prime),120,36.09,29.41,699,0.0878
Terrace Africa,Retail (Prime),36,40.8,34.82,811,0.0379
WestProp Holdings,Mixed-Use,12,36.08,35.73,704,0.1316
WestProp Holdings,Mixed-Use,24,46.79,46.47,551,0.0861
WestProp Holdings,Mixed-Use,24,36.25,34.88,465,0.0937
WestProp Holdings,Mixed-Use,24,62.84,62.74,667,0.0637
WestProp Holdings,Residential (Premium),24,41.75,41.08,639,0.0943
Terrace Africa,Retail (Convenience),36,29.98,25.56,440,0.0446
WestProp Holdings,Mixed-Use,12,48.83,48.19,630,0.0329
WestProp Holdings,Mixed-Use,12,40.58,38.89,848,0.1183
WestProp Holdings,Residential (Premium),36,47.63,47.21,517,0.0338
Terrace Africa,Retail (Convenience),36,36.97,30.92,663,0.0964
Terrace Africa,Retail (Convenience),36,21.06,17.69,574,0.1029
WestProp Holdings,Mixed-Use,36,55.33,54.48,507,0.0856
Terrace Africa,Retail (Convenience),36,19.6,16.98,684,0.0996
WestProp Holdings,Residential (Premium),12,36.72,35.63,605,0.1063
Terrace Africa,Retail (Convenience),60,33.26,28.73,705,0.1462
Terrace Africa,Retail (Prime),120,28.32,24.37,739,0.0276
Terrace Africa,Retail (Convenience),120,39.45,32.78,740,0.0231
Terrace Africa,Retail (Convenience),60,38.66,31.6,592,0.1273
Terrace Africa,Retail (Convenience),36,27.51,23.72,702,0.0899
Terrace Africa,Retail (Prime),36,32.8,27.76,686,0.1022
WestProp Holdings,Residential (Premium),24,37.26,36.61,462,0.1468
Terrace Africa,Retail (Prime),36,36.06,29.92,723,0.1011
Terrace Africa,Retail (Convenience),60,28.08,24.11,678,0.071
Terrace Africa,Retail (Convenience),36,29.5,24.22,464,0.0613
WestProp Holdings,Residential (Premium),12,44.59,43.71,623,0.0623
Terrace Africa,Retail (Prime),60,30.8,26.52,849,0.0749
Terrace Africa,Retail (Convenience),60,28.88,25.0,620,0.0578
Terrace Africa,Retail (Convenience),120,31.17,26.03,742,0.1238
WestProp Holdings,Residential (Premium),36,36.24,35.32,735,0.1006
WestProp Holdings,Mixed-Use,36,59.03,56.42,540,0.0592
WestProp Holdings,Mixed-Use,24,42.18,40.68,638,0.0845
Terrace Africa,Retail (Convenience),60,33.82,27.57,531,0.1252
WestProp Holdings,Residential (Premium),36,60.72,58.82,470,0.0513
WestProp Holdings,Mixed-Use,24,61.03,61.04,784,0.0623
WestProp Holdings,Residential (Premium),24,35.46,35.02,613,0.0931
WestProp Holdings,Mixed-Use,12,39.72,38.84,471,0.1178
WestProp Holdings,Residential (Premium),36,41.67,41.06,566,0.1035
Terrace Africa,Retail (Convenience),60,28.51,22.93,448,0.1132
WestProp Holdings,Residential (Premium),12,36.46,35.55,559,0.0993
WestProp Holdings,Residential (Premium),12,36.73,36.76,690,0.0936
Terrace Africa,Retail (Convenience),36,26.56,22.8,679,0.028
Terrace Africa,Retail (Convenience),120,31.6,26.85,435,0.022
WestProp Holdings,Residential (Premium),36,45.06,43.48,595,0.0719
Terrace Africa,Retail (Prime),36,18.91,15.53,599,0.1011
WestProp Holdings,Mixed-Use,24,44.3,41.9,571,0.1027
Terrace Africa,Retail (Prime),60,28.28,23.33,435,0.1446
WestProp Holdings,Residential (Premium),24,37.69,35.54,520,0.1251
Terrace Africa,Retail (Convenience),120,41.46,36.09,636,0.0268
Terrace Africa,Retail (Prime),36,33.48,28.81,548,0.023
Terrace Africa,Retail (Prime),36,35.73,30.44,437,0.0323
Terrace Africa,Retail (Prime),36,21.97,18.44,740,0.0585
WestProp Holdings,Residential (Premium),24,56.51,54.49,595,0.1323
Terrace Africa,Retail (Prime),36,29.45,23.96,411,0.1403
Terrace Africa,Retail (Prime),60,25.35,21.82,533,0.0298
Terrace Africa,Retail (Prime),120,25.65,20.97,529,0.0413
Terrace Africa,Retail (Convenience),60,39.06,32.2,709,0.0539
WestProp Holdings,Mixed-Use,24,62.03,59.59,786,0.1434
WestProp Holdings,Residential (Premium),12,36.61,34.49,424,0.0426
Terrace Africa,Retail (Convenience),36,19.37,16.53,419,0.0715
Terrace Africa,Retail (Convenience),60,21.37,18.07,550,0.0313
WestProp Holdings,Mixed-Use,24,48.53,47.38,577,0.0181
WestProp Holdings,Residential (Premium),36,39.94,37.99,555,0.0525
Terrace Africa,Retail (Convenience),120,18.37,14.94,500,0.0961
Terrace Africa,Retail (Convenience),120,29.77,25.21,515,0.0667
WestProp Holdings,Residential (Premium),24,51.61,51.19,628,0.0642
WestProp Holdings,Mixed-Use,12,38.95,36.61,478,0.0915
Terrace Africa,Retail (Prime),36,30.66,24.79,641,0.0981
WestProp Holdings,Residential (Premium),12,35.72,33.94,587,0.1005
Terrace Africa,Retail (Prime),60,20.96,17.0,451,0.0441
WestProp Holdings,Residential (Premium),12,50.49,48.13,420,0.1439
Terrace Africa,Retail (Prime),36,31.78,26.89,459,0.0207
Terrace Africa,Retail (Convenience),36,23.86,20.46,646,0.1023
Terrace Africa,Retail (Prime),120,31.4,25.98,468,0.1132
WestProp Holdings,Mixed-Use,12,34.37,34.42,784,0.0201
Terrace Africa,Retail (Prime),36,38.74,32.77,814,0.0515
WestProp Holdings,Residential (Premium),36,55.05,52.79,660,0.0869
Terrace Africa,Retail (Convenience),120,27.67,22.35,619,0.1358
Terrace Africa,Retail (Prime),120,38.87,31.65,448,0.0458
WestProp Holdings,Residential (Premium),36,60.07,57.78,769,0.0551
WestProp Holdings,Mixed-Use,12,38.16,37.58,750,0.0829
Terrace Africa,Retail (Prime),36,18.06,15.67,582,0.0233
Terrace Africa,Retail (Convenience),60,26.59,23.14,813,0.14
WestProp Holdings,Mixed-Use,12,36.02,34.37,431,0.0544
Terrace Africa,Retail (Prime),36,30.4,25.63,548,0.147
Terrace Africa,Retail (Prime),120,22.22,18.15,549,0.1479
WestProp Holdings,Residential (Premium),12,38.26,37.91,835,0.1245
WestProp Holdings,Residential (Premium),12,58.71,57.52,820,0.0926
WestProp Holdings,Mixed-Use,12,51.9,49.02,507,0.0991
WestProp Holdings,Mixed-Use,12,46.1,44.53,402,0.1489
Terrace Africa,Retail (Convenience),120,36.01,30.06,804,0.1126
WestProp Holdings,Mixed-Use,12,45.73,45.46,819,0.0107
Terrace Africa,Retail (Convenience),60,33.88,29.41,836,0.0615
WestProp Holdings,Residential (Premium),36,43.83,43.59,531,0.064
Terrace Africa,Retail (Convenience),60,21.28,17.76,709,0.1074
Terrace Africa,Retail (Convenience),36,25.38,21.16,672,0.0923
Terrace Africa,Retail (Prime),60,18.72,16.07,787,0.0174
Terrace Africa,Retail (Convenience),120,31.63,26.94,765,0.0309
Terrace Africa,Retail (Convenience),36,39.4,33.64,591,0.0828
Terrace Africa,Retail (Prime),36,35.06,28.53,515,0.0188
WestProp Holdings,Residential (Premium),24,55.57,54.98,800,0.0993
WestProp Holdings,Residential (Premium),36,56.34,55.13,474,0.1136
WestProp Holdings,Residential (Premium),24,52.22,50.4,506,0.0134
WestProp Holdings,Mixed-Use,12,49.09,49.17,802,0.0463
WestProp Holdings,Residential (Premium),12,58.62,57.68,804,0.0741
Terrace Africa,Retail (Convenience),120,19.49,17.05,818,0.0712
Terrace Africa,Retail (Prime),36,20.02,17.01,551,0.0761
Terrace Africa,Retail (Convenience),60,18.73,15.43,562,0.0486
Terrace Africa,Retail (Convenience),120,25.02,20.96,604,0.0475
Terrace Africa,Retail (Convenience),60,18.03,15.83,840,0.0584
WestProp Holdings,Residential (Premium),36,35.79,34.02,647,0.0868
Terrace Africa,Retail (Prime),60,26.29,22.12,783,0.0974
WestProp Holdings,Mixed-Use,36,40.25,38.8,704,0.075
Terrace Africa,Retail (Convenience),36,24.74,19.98,516,0.0415
WestProp Holdings,Mixed-Use,12,51.62,50.74,460,0.1304
WestProp Holdings,Residential (Premium),12,54.51,53.03,597,0.1286
WestProp Holdings,Mixed-Use,12,53.41,51.79,497,0.1307
WestProp Holdings,Mixed-Use,36,44.64,44.16,843,0.0598
WestProp Holdings,Residential (Premium),36,49.89,49.41,553,0.0562
Terrace Africa,Retail (Prime),36,21.46,17.96,515,0.1319
WestProp Holdings,Mixed-Use,24,62.62,60.95,465,0.0191
Terrace Africa,Retail (Convenience),120,29.38,24.33,835,0.0732
WestProp Holdings,Residential (Premium),36,46.59,44.53,473,0.0232
WestProp Holdings,Mixed-Use,36,42.57,41.94,798,0.1381
Terrace Africa,Retail (Convenience),60,34.4,28.87,786,0.0608
WestProp Holdings,Mixed-Use,12,49.74,46.36,407,0.1352
WestProp Holdings,Residential (Premium),24,48.4,48.15,674,0.1335
Terrace Africa,Retail (Prime),120,38.89,31.99,420,0.1115
Terrace Africa,Retail (Convenience),120,38.38,31.44,682,0.1062
Terrace Africa,Retail (Prime),60,35.66,28.58,532,0.1463
WestProp Holdings,Mixed-Use,24,63.02,62.35,827,0.1483
Terrace Africa,Retail (Convenience),60,23.78,20.25,475,0.0569
WestProp Holdings,Mixed-Use,24,57.48,56.67,562,0.0299
WestProp Holdings,Mixed-Use,12,57.69,56.65,783,0.0593
WestProp Holdings,Mixed-Use,36,61.7,59.04,780,0.1047
Terrace Africa,Retail (Convenience),120,19.4,15.87,547,0.0418
WestProp Holdings,Mixed-Use,24,50.99,49.99,693,0.0605
WestProp Holdings,Residential (Premium),24,47.4,47.42,800,0.1172
WestProp Holdings,Residential (Premium),12,40.56,40.21,618,0.0885
Terrace Africa,Retail (Convenience),36,28.57,23.76,434,0.0678
WestProp Holdings,Mixed-Use,24,35.65,35.62,614,0.0278
Terrace Africa,Retail (Prime),120,36.96,31.33,572,0.1448
WestProp Holdings,Mixed-Use,36,56.42,56.78,797,0.0406
Terrace Africa,Retail (Convenience),36,23.96,19.68,775,0.0497
WestProp Holdings,Residential (Premium),24,42.35,41.94,595,0.019
Terrace Africa,Retail (Prime),60,24.92,21.3,526,0.0977
Terrace Africa,Retail (Prime),120,24.14,19.64,449,0.0903
Terrace Africa,Retail (Convenience),36,22.64,19.15,600,0.1373
WestProp Holdings,Mixed-Use,12,58.82,56.34,742,0.0703
Terrace Africa,Retail (Convenience),36,35.38,29.53,707,0.0721
WestProp Holdings,Mixed-Use,12,49.74,49.02,710,0.0817
Terrace Africa,Retail (Convenience),60,29.66,24.36,561,0.0762
Terrace Africa,Retail (Prime),60,26.85,22.58,800,0.0156
WestProp Holdings,Mixed-Use,24,41.81,41.39,492,0.0762
Terrace Africa,Retail (Prime),36,26.87,22.47,448,0.0111
WestProp Holdings,Mixed-Use,24,37.65,36.59,644,0.0901
WestProp Holdings,Mixed-Use,12,59.23,58.79,704,0.0964
WestProp Holdings,Residential (Premium),12,51.19,48.4,591,0.1083
WestProp Holdings,Residential (Premium),12,43.9,42.03,418,0.0675
WestProp Holdings,Residential (Premium),12,52.98,51.73,502,0.1436
WestProp Holdings,Residential (Premium),24,35.68,34.52,614,0.0157
Terrace Africa,Retail (Convenience),36,32.82,27.36,481,0.0229
Terrace Africa,Retail (Convenience),60,38.51,31.23,440,0.1418
WestProp Holdings,Mixed-Use,36,46.52,45.91,797,0.0991
WestProp Holdings,Residential (Premium),24,61.32,57.72,401,0.0842
Terrace Africa,Retail (Convenience),36,34.81,29.45,818,0.0728
WestProp Holdings,Mixed-Use,24,62.34,60.9,622,0.0753
Terrace Africa,Retail (Convenience),120,26.26,21.87,498,0.0209
Terrace Africa,Retail (Convenience),60,31.94,26.35,594,0.1301
WestProp Holdings,Residential (Premium),24,44.38,42.52,517,0.1088
WestProp Holdings,Mixed-Use,12,38.77,38.27,820,0.1346
Terrace Africa,Retail (Prime),60,18.29,15.73,826,0.064
WestProp Holdings,Residential (Premium),12,39.0,38.08,575,0.0405
WestProp Holdings,Residential (Premium),12,54.31,55.13,813,0.0139
WestProp Holdings,Residential (Premium),36,44.2,42.82,762,0.0643
Terrace Africa,Retail (Convenience),120,33.49,28.27,825,0.136
Terrace Africa,Retail (Convenience),120,25.5,21.26,673,0.1257
WestProp Holdings,Residential (Premium),12,60.26,58.49,677,0.0858
WestProp Holdings,Residential (Premium),24,49.21,47.68,742,0.0717
Terrace Africa,Retail (Prime),36,22.61,19.25,782,0.0478
WestProp Holdings,Mixed-Use,36,44.44,42.84,796,0.0977
WestProp Holdings,Residential (Premium),24,62.86,61.43,648,0.121
WestProp Holdings,Residential (Premium),12,37.52,36.13,563,0.137
WestProp Holdings,Residential (Premium),24,52.83,51.61,539,0.0153
WestProp Holdings,Mixed-Use,12,37.57,36.57,411,0.1457
Terrace Africa,Retail (Convenience),60,19.44,16.44,649,0.0788
Terrace Africa,Retail (Convenience),120,27.94,23.54,648,0.0607
WestProp Holdings,Mixed-Use,36,49.5,48.44,638,0.0903
Terrace Africa,Retail (Prime),36,19.32,16.35,768,0.0518
WestProp Holdings,Mixed-Use,12,40.11,38.75,588,0.1397
Terrace Africa,Retail (Convenience),120,32.49,28.46,793,0.0288
Terrace Africa,Retail (Convenience),120,37.28,30.1,456,0.1211
Terrace Africa,Retail (Convenience),120,41.29,32.88,466,0.1133
WestProp Holdings,Residential (Premium),12,39.77,39.16,600,0.1173
Terrace Africa,Retail (Prime),36,18.49,15.88,783,0.1062
WestProp Holdings,Residential (Premium),24,48.13,47.32,572,0.1077
WestProp Holdings,Residential (Premium),24,58.15,55.62,774,0.1279
Terrace Africa,Retail (Convenience),60,21.24,17.63,510,0.0396
WestProp Holdings,Mixed-Use,24,42.82,41.03,517,0.055
WestProp Holdings,Residential (Premium),12,53.59,51.6,802,0.0601
Terrace Africa,Retail (Prime),120,38.1,32.41,473,0.092
Terrace Africa,Retail (Convenience),60,33.82,28.42,765,0.1252
Terrace Africa,Retail (Convenience),36,29.21,25.39,663,0.048
Terrace Africa,Retail (Convenience),60,20.01,17.14,760,0.1148
WestProp Holdings,Residential (Premium),24,47.32,46.42,613,0.109
Terrace Africa,Retail (Convenience),36,16.74,14.62,719,0.0543
WestProp Holdings,Residential (Premium),36,43.9,42.98,499,0.137
WestProp Holdings,Residential (Premium),36,45.6,43.65,585,0.0159
Terrace Africa,Retail (Prime),120,37.87,30.31,422,0.0456
WestProp Holdings,Residential (Premium),36,41.65,41.74,830,0.1422
Terrace Africa,Retail (Prime),36,31.52,25.35,500,0.0798
Terrace Africa,Retail (Prime),60,27.1,23.0,626,0.0618
WestProp Holdings,Residential (Premium),12,47.11,46.31,785,0.0397
WestProp Holdings,Mixed-Use,12,58.74,58.38,742,0.0951
Terrace Africa,Retail (Convenience),60,31.94,27.37,725,0.1003
Terrace Africa,Retail (Convenience),36,22.45,18.49,626,0.1034
Terrace Africa,Retail (Convenience),120,30.82,26.26,445,0.0439
Terrace Africa,Retail (Convenience),60,33.07,27.81,808,0.1131
Terrace Africa,Retail (Convenience),36,23.18,19.54,627,0.0158
WestProp Holdings,Mixed-Use,36,46.03,43.51,491,0.1466
WestProp Holdings,Mixed-Use,24,54.27,53.28,820,0.0472
WestProp Holdings,Residential (Premium),24,54.27,52.47,712,0.062
WestProp Holdings,Residential (Premium),36,54.93,55.15,706,0.0133
WestProp Holdings,Residential (Premium),12,57.98,55.51,531,0.1359
WestProp Holdings,Mixed-Use,12,53.91,54.14,827,0.0181
WestProp Holdings,Residential (Premium),24,56.41,55.88,687,0.0206
WestProp Holdings,Mixed-Use,24,40.4,39.51,424,0.1194
WestProp Holdings,Residential (Premium),36,59.92,57.8,720,0.0583
Terrace Africa,Retail (Convenience),120,27.2,22.18,573,0.0187
WestProp Holdings,Mixed-Use,36,52.77,49.65,560,0.1441
WestProp Holdings,Mixed-Use,12,50.2,50.68,789,0.0485
Terrace Africa,Retail (Convenience),36,29.68,24.57,402,0.0332
Terrace Africa,Retail (Prime),36,18.97,15.53,730,0.121
Terrace Africa,Retail (Convenience),120,40.99,34.15,583,0.1096
WestProp Holdings,Mixed-Use,12,40.18,40.34,710,0.04
Terrace Africa,Retail (Convenience),36,35.99,31.24,753,0.1078
Terrace Africa,Retail (Convenience),36,38.57,33.56,751,0.0534
WestProp Holdings,Residential (Premium),24,58.63,57.32,485,0.0944
Terrace Africa,Retail (Prime),60,25.19,21.47,615,0.1231
WestProp Holdings,Mixed-Use,24,59.72,58.55,776,0.0664
WestProp Holdings,Mixed-Use,24,60.39,57.86,554,0.1437
WestProp Holdings,Residential (Premium),36,46.49,45.02,516,0.0146
WestProp Holdings,Residential (Premium),12,42.69,41.98,515,0.0641
Terrace Africa,Retail (Convenience),36,35.23,28.95,764,0.1464
WestProp Holdings,Residential (Premium),12,56.99,55.04,800,0.0307
WestProp Holdings,Residential (Premium),36,47.96,46.62,548,0.0823
WestProp Holdings,Residential (Premium),36,44.34,43.64,553,0.135
Terrace Africa,Retail (Prime),120,27.44,22.86,508,0.0928
WestProp Holdings,Mixed-Use,24,61.03,58.65,723,0.0513
WestProp Holdings,Residential (Premium),36,38.12,37.56,588,0.1117
Terrace Africa,Retail (Convenience),60,35.98,31.01,580,0.0495
WestProp Holdings,Residential (Premium),24,37.72,37.07,648,0.0186
WestProp Holdings,Mixed-Use,36,41.61,40.37,716,0.0712
Terrace Africa,Retail (Prime),60,22.3,19.19,819,0.1139
WestProp Holdings,Mixed-Use,24,42.01,41.11,511,0.1243
Terrace Africa,Retail (Convenience),60,37.64,30.76,415,0.1156
WestProp Holdings,Mixed-Use,36,51.96,50.83,825,0.1093
WestProp Holdings,Mixed-Use,36,51.74,50.84,613,0.0471
Terrace Africa,Retail (Prime),36,33.71,28.42,640,0.0819
Terrace Africa,Retail (Prime),60,39.73,33.71,495,0.0238
WestProp Holdings,Residential (Premium),12,36.61,36.24,480,0.0143
WestProp Holdings,Residential (Premium),12,41.24,40.34,462,0.1171
WestProp Holdings,Residential (Premium),12,49.8,48.32,670,0.0809
Terrace Africa,Retail (Convenience),120,18.34,15.54,477,0.1085
WestProp Holdings,Residential (Premium),36,42.93,42.19,789,0.0865
WestProp Holdings,Residential (Premium),36,49.93,47.62,412,0.1446
WestProp Holdings,Mixed-Use,36,41.46,40.84,547,0.1048
Terrace Africa,Retail (Convenience),36,37.39,31.64,406,0.0538
Terrace Africa,Retail (Convenience),120,40.0,32.87,727,0.0173
Terrace Africa,Retail (Prime),120,24.8,20.96,789,0.0568
Terrace Africa,Retail (Prime),120,19.13,15.7,449,0.0706
WestProp Holdings,Residential (Premium),36,36.67,35.55,688,0.0998
WestProp Holdings,Residential (Premium),36,39.61,38.91,647,0.1487
WestProp Holdings,Mixed-Use,24,63.29,61.66,601,0.0351
WestProp Holdings,Mixed-Use,12,46.18,44.99,824,0.0386
WestProp Holdings,Residential (Premium),24,52.13,50.57,607,0.0983
Terrace Africa,Retail (Convenience),120,19.79,15.9,556,0.1396
WestProp Holdings,Mixed-Use,36,55.18,54.49,766,0.0875
Terrace Africa,Retail (Prime),120,25.41,21.73,751,0.0954
Terrace Africa,Retail (Prime),36,30.07,24.54,482,0.0248
WestProp Holdings,Residential (Premium),12,55.06,52.87,677,0.0975
WestProp Holdings,Mixed-Use,12,54.55,53.57,704,0.0859
Terrace Africa,Retail (Convenience),60,34.43,28.5,687,0.0401
Terrace Africa,Retail (Convenience),60,34.14,27.83,740,0.138
WestProp Holdings,Mixed-Use,12,47.45,46.5,802,0.0925
WestProp Holdings,Residential (Premium),12,39.84,38.13,768,0.1246
Terrace Africa,Retail (Prime),36,18.57,15.2,468,0.0208
WestProp Holdings,Residential (Premium),24,46.19,45.45,730,0.0933
WestProp Holdings,Mixed-Use,36,61.44,61.79,842,0.0497
WestProp Holdings,Mixed-Use,36,50.43,49.89,637,0.0508
WestProp Holdings,Residential (Premium),36,41.89,41.01,768,0.1311
WestProp Holdings,Residential (Premium),36,35.93,35.18,844,0.1323
Terrace Africa,Retail (Convenience),60,28.54,23.76,436,0.1198
WestProp Holdings,Mixed-Use,24,56.61,53.82,659,0.0926
WestProp Holdings,Mixed-Use,36,35.79,34.04,402,0.0674
WestProp Holdings,Mixed-Use,12,39.92,37.72,601,0.142
WestProp Holdings,Residential (Premium),36,60.41,57.51,468,0.0111
WestProp Holdings,Mixed-Use,12,52.04,50.9,718,0.0207
WestProp Holdings,Residential (Premium),36,40.26,39.59,435,0.0985
Terrace Africa,Retail (Prime),36,23.23,18.94,536,0.0209
WestProp Holdings,Mixed-Use,12,50.56,48.99,475,0.1302
WestProp Holdings,Residential (Premium),12,52.93,51.24,486,0.0351
WestProp Holdings,Mixed-Use,12,38.65,37.66,484,0.1106
Terrace Africa,Retail (Convenience),36,21.67,17.95,525,0.0332
Terrace Africa,Retail (Convenience),120,24.98,20.6,600,0.0397
WestProp Holdings,Residential (Premium),36,41.77,40.4,798,0.1149
WestProp Holdings,Residential (Premium),12,46.07,44.02,418,0.1051
Terrace Africa,Retail (Prime),60,21.02,17.52,645,0.0906
WestProp Holdings,Residential (Premium),12,56.81,54.9,812,0.0715
WestProp Holdings,Residential (Premium),24,39.27,38.36,406,0.1182
WestProp Holdings,Residential (Premium),36,53.82,51.41,652,0.0671
WestProp Holdings,Mixed-Use,12,56.65,55.29,472,0.085
WestProp Holdings,Mixed-Use,36,58.5,55.26,517,0.1208
WestProp Holdings,Residential (Premium),12,58.5,56.97,538,0.0206
Terrace Africa,Retail (Convenience),60,36.94,29.59,421,0.0771
Terrace Africa,Retail (Convenience),36,37.72,32.48,481,0.0626
WestProp Holdings,Mixed-Use,36,62.35,59.89,722,0.0408
Terrace Africa,Retail (Convenience),60,19.09,15.62,459,0.1112
WestProp Holdings,Mixed-Use,36,33.25,32.99,655,0.0778
Terrace Africa,Retail (Convenience),120,35.28,28.91,819,0.1173
WestProp Holdings,Mixed-Use,36,54.68,54.05,608,0.012
Terrace Africa,Retail (Prime),36,27.07,22.62,789,0.115
WestProp Holdings,Residential (Premium),24,50.12,49.75,644,0.0985
Terrace Africa,Retail (Prime),60,32.97,27.28,503,0.0539
WestProp Holdings,Mixed-Use,24,47.06,45.75,606,0.0881
Terrace Africa,Retail (Convenience),120,27.58,23.42,623,0.0704
WestProp Holdings,Residential (Premium),36,54.3,52.92,528,0.084
WestProp Holdings,Mixed-Use,36,43.53,42.99,677,0.0188
WestProp Holdings,Mixed-Use,36,48.8,46.9,739,0.1183
WestProp Holdings,Mixed-Use,12,42.12,40.17,469,0.0681
WestProp Holdings,Residential (Premium),24,51.25,50.87,789,0.0701
Terrace Africa,Retail (Convenience),120,34.92,30.54,629,0.0232
WestProp Holdings,Mixed-Use,24,56.89,54.09,675,0.1364
WestProp Holdings,Mixed-Use,36,52.97,52.65,562,0.09
WestProp Holdings,Residential (Premium),36,61.12,59.8,837,0.0893
Terrace Africa,Retail (Prime),60,23.1,18.91,807,0.0973
Terrace Africa,Retail (Prime),120,37.66,29.91,402,0.0974
Terrace Africa,Retail (Prime),36,31.16,26.04,418,0.0719
WestProp Holdings,Residential (Premium),36,40.52,39.75,538,0.1401
WestProp Holdings,Residential (Premium),36,41.66,39.93,449,0.1009
Terrace Africa,Retail (Convenience),120,31.37,27.01,588,0.1045
Terrace Africa,Retail (Convenience),36,39.58,33.67,742,0.1067
WestProp Holdings,Mixed-Use,36,41.23,40.85,726,0.0939
Terrace Africa,Retail (Convenience),120,26.56,22.64,829,0.0338
Terrace Africa,Retail (Prime),120,32.53,27.19,695,0.1224
WestProp Holdings,Mixed-Use,24,47.6,47.48,721,0.0902
Terrace Africa,Retail (Convenience),120,29.95,24.11,407,0.0193
WestProp Holdings,Mixed-Use,36,52.23,52.07,717,0.0935
WestProp Holdings,Residential (Premium),36,52.38,50.92,487,0.1338
WestProp Holdings,Mixed-Use,12,42.28,41.09,518,0.0967
WestProp Holdings,Mixed-Use,36,39.35,38.11,667,0.1244
Terrace Africa,Retail (Prime),120,18.76,15.96,470,0.0395
Terrace Africa,Retail (Convenience),60,24.39,20.02,670,0.0306
Terrace Africa,Retail (Prime),120,38.55,32.69,509,0.0983
Terrace Africa,Retail (Convenience),36,35.35,29.11,412,0.0188
Terrace Africa,Retail (Convenience),60,19.91,17.38,782,0.048
WestProp Holdings,Residential (Premium),24,54.84,54.07,591,0.0913
Terrace Africa,Retail (Convenience),60,31.07,26.48,464,0.0743
WestProp Holdings,Residential (Premium),24,36.29,35.7,796,0.0586
Terrace Africa,Retail (Convenience),60,32.7,27.42,718,0.0277
Terrace Africa,Retail (Prime),60,39.41,32.01,481,0.0759
Terrace Africa,Retail (Convenience),120,32.56,26.26,447,0.067
Terrace Africa,Retail (Prime),60,33.8,29.23,764,0.1432
WestProp Holdings,Residential (Premium),24,51.39,51.44,709,0.0422
WestProp Holdings,Residential (Premium),24,52.49,50.05,519,0.0359
Terrace Africa,Retail (Prime),60,22.33,18.97,495,0.1398
Terrace Africa,Retail (Convenience),60,19.8,16.55,793,0.0614
WestProp Holdings,Residential (Premium),36,57.37,55.54,707,0.1042
Terrace Africa,Retail (Prime),120,38.56,33.18,787,0.0101
Terrace Africa,Retail (Prime),36,31.27,26.1,819,0.0742
WestProp Holdings,Mixed-Use,24,47.24,47.35,678,0.0508
Terrace Africa,Retail (Prime),120,37.0,29.65,555,0.1165
Terrace Africa,Retail (Convenience),36,26.9,22.45,412,0.1177
Terrace Africa,Retail (Convenience),36,21.2,18.02,511,0.0577
Terrace Africa,Retail (Prime),60,36.65,31.2,452,0.017
WestProp Holdings,Residential (Premium),24,46.89,46.63,443,0.0135
WestProp Holdings,Mixed-Use,12,37.25,37.41,840,0.0365
Terrace Africa,Retail (Prime),60,31.71,26.2,538,0.0896
WestProp Holdings,Mixed-Use,12,49.91,49.0,806,0.1398
Terrace Africa,Retail (Prime),120,34.24,28.89,632,0.0496
Terrace Africa,Retail (Prime),60,25.1,21.43,738,0.0992
Terrace Africa,Retail (Prime),60,22.12,18.68,692,0.1339
Terrace Africa,Retail (Prime),60,24.15,19.88,457,0.1102
WestProp Holdings,Mixed-Use,24,62.65,60.73,637,0.0211
WestProp Holdings,Mixed-Use,12,43.21,43.0,607,0.0734
WestProp Holdings,Residential (Premium),36,42.89,40.83,541,0.0728
WestProp Holdings,Mixed-Use,24,33.96,33.39,681,0.1007
WestProp Holdings,Residential (Premium),36,41.89,41.34,512,0.011
WestProp Holdings,Mixed-Use,24,47.97,47.89,833,0.1354
WestProp Holdings,Mixed-Use,12,53.62,51.79,465,0.0358
WestProp Holdings,Mixed-Use,24,58.35,56.54,771,0.0503
Terrace Africa,Retail (Convenience),60,30.57,26.2,776,0.0646
WestProp Holdings,Mixed-Use,36,42.09,41.03,417,0.0248
Terrace Africa,Retail (Prime),60,34.29,29.03,579,0.0115
WestProp Holdings,Mixed-Use,12,39.07,36.99,436,0.0266
WestProp Holdings,Residential (Premium),24,37.58,36.9,587,0.0964
Terrace Africa,Retail (Convenience),36,36.51,31.21,846,0.0886
Terrace Africa,Retail (Convenience),120,34.11,29.56,583,0.0587
Terrace Africa,Retail (Prime),120,32.45,26.38,500,0.096
WestProp Holdings,Mixed-Use,12,44.25,43.11,421,0.0768
Terrace Africa,Retail (Convenience),36,35.68,30.08,540,0.0219
Terrace Africa,Retail (Prime),60,37.62,30.34,471,0.1232
WestProp Holdings,Residential (Premium),12,49.5,47.25,459,0.0266
WestProp Holdings,Residential (Premium),24,50.45,49.79,419,0.045
Terrace Africa,Retail (Convenience),36,24.32,20.5,412,0.0414
WestProp Holdings,Residential (Premium),36,55.42,54.66,736,0.1008
WestProp Holdings,Mixed-Use,12,59.42,58.24,726,0.0457
Terrace Africa,Retail (Convenience),60,26.51,22.76,820,0.0198
Terrace Africa,Retail (Convenience),60,21.54,17.88,745,0.0335
WestProp Holdings,Residential (Premium),36,42.36,41.78,600,0.0538
WestProp Holdings,Mixed-Use,36,46.16,45.63,712,0.05
Terrace Africa,Retail (Convenience),36,18.86,15.57,459,0.0721
WestProp Holdings,Residential (Premium),24,35.99,34.38,507,0.0631
Terrace Africa,Retail (Convenience),60,35.76,29.83,628,0.1362
Terrace Africa,Retail (Prime),60,29.66,24.22,800,0.1075
WestProp Holdings,Residential (Premium),24,40.21,39.7,690,0.1425
Terrace Africa,Retail (Prime),120,23.69,20.47,792,0.0945
WestProp Holdings,Mixed-Use,12,37.05,35.4,601,0.0972
WestProp Holdings,Mixed-Use,24,49.96,49.32,636,0.0892
Terrace Africa,Retail (Convenience),60,32.59,27.27,774,0.1227
WestProp Holdings,Mixed-Use,24,45.87,43.26,410,0.1262
WestProp Holdings,Residential (Premium),24,43.67,43.88,731,0.015
WestProp Holdings,Residential (Premium),36,44.6,43.03,586,0.0917
Terrace Africa,Retail (Prime),60,23.25,19.75,732,0.0893
Terrace Africa,Retail (Prime),120,29.6,24.64,662,0.0285
WestProp Holdings,Mixed-Use,12,36.59,35.93,416,0.041
Terrace Africa,Retail (Prime),60,19.48,16.05,683,0.0171
WestProp Holdings,Mixed-Use,24,42.33,41.64,579,0.079
WestProp Holdings,Residential (Premium),24,45.03,43.84,505,0.0392
WestProp Holdings,Mixed-Use,12,48.6,46.65,563,0.0671
Terrace Africa,Retail (Prime),60,36.73,30.31,433,0.0371
WestProp Holdings,Mixed-Use,36,60.75,58.89,630,0.0256
Terrace Africa,Retail (Prime),36,34.37,28.62,449,0.0656
Terrace Africa,Retail (Prime),60,26.63,21.87,699,0.0214
Terrace Africa,Retail (Prime),120,40.25,32.72,558,0.1023
WestProp Holdings,Residential (Premium),12,42.55,41.96,586,0.0676
Terrace Africa,Retail (Convenience),60,31.08,25.44,814,0.1065
WestProp Holdings,Residential (Premium),24,58.84,58.33,795,0.0156
Terrace Africa,Retail (Convenience),36,24.04,20.74,785,0.0943
WestProp Holdings,Mixed-Use,24,43.43,42.7,594,0.0554
WestProp Holdings,Mixed-Use,24,50.23,48.61,429,0.0629
Terrace Africa,Retail (Prime),60,28.29,23.39,732,0.1026
WestProp Holdings,Residential (Premium),12,54.28,53.54,641,0.0163
Terrace Africa,Retail (Convenience),60,27.06,22.32,472,0.0751
Terrace Africa,Retail (Prime),120,23.65,20.1,720,0.1042
Terrace Africa,Retail (Prime),36,32.07,27.77,684,0.1228
Terrace Africa,Retail (Prime),36,17.24,14.04,733,0.1276
Terrace Africa,Retail (Convenience),60,37.83,30.24,435,0.1488
WestProp Holdings,Mixed-Use,12,65.54,63.8,828,0.1051
WestProp Holdings,Residential (Premium),36,34.81,32.95,548,0.0987
WestProp Holdings,Mixed-Use,12,53.65,52.7,541,0.0278
WestProp Holdings,Mixed-Use,24,63.17,62.52,497,0.0546
WestProp Holdings,Mixed-Use,24,42.13,40.82,752,0.0119
Terrace Africa,Retail (Prime),60,21.24,18.0,823,0.1352
WestProp Holdings,Residential (Premium),36,52.54,51.33,677,0.1033
WestProp Holdings,Residential (Premium),12,47.02,45.95,742,0.0213
Terrace Africa,Retail (Convenience),60,26.48,22.46,498,0.1348
WestProp Holdings,Mixed-Use,12,48.59,47.36,812,0.1303
Terrace Africa,Retail (Prime),120,26.08,22.28,763,0.1071
WestProp Holdings,Residential (Premium),24,60.49,59.98,572,0.1192
WestProp Holdings,Mixed-Use,36,42.31,41.89,741,0.0426
Terrace Africa,Retail (Convenience),120,29.98,25.33,698,0.0489
Terrace Africa,Retail (Prime),120,36.83,31.68,838,0.0427
WestProp Holdings,Residential (Premium),36,35.1,34.24,789,0.0453
Terrace Africa,Retail (Convenience),120,38.37,31.88,830,0.0611
WestProp Holdings,Mixed-Use,24,41.39,40.74,539,0.0602
Terrace Africa,Retail (Prime),36,24.15,21.1,780,0.1083
Terrace Africa,Retail (Convenience),36,27.35,23.1,521,0.0677
WestProp Holdings,Residential (Premium),36,37.85,37.14,425,0.1242
WestProp Holdings,Mixed-Use,36,37.96,37.57,672,0.0249
Terrace Africa,Retail (Prime),60,37.69,33.21,834,0.01
WestProp Holdings,Mixed-Use,24,48.61,45.93,486,0.0681
WestProp Holdings,Mixed-Use,24,38.82,38.12,790,0.0835
WestProp Holdings,Mixed-Use,12,41.96,40.54,403,0.1128
Terrace Africa,Retail (Convenience),60,29.55,24.45,588,0.0908
WestProp Holdings,Mixed-Use,36,49.58,47.87,431,0.1371
Terrace Africa,Retail (Prime),120,19.8,16.79,430,0.0934
Terrace Africa,Retail (Convenience),120,34.55,28.79,429,0.0212
Terrace Africa,Retail (Convenience),60,35.12,28.9,654,0.1417
Terrace Africa,Retail (Convenience),36,39.26,32.51,443,0.0156
WestProp Holdings,Mixed-Use,12,52.57,50.54,825,0.0774
Terrace Africa,Retail (Convenience),36,17.42,15.03,731,0.124
Terrace Africa,Retail (Prime),120,26.63,22.61,837,0.0278
Terrace Africa,Retail (Convenience),60,34.37,29.3,842,0.0376
WestProp Holdings,Mixed-Use,24,43.7,42.85,421,0.0405
Terrace Africa,Retail (Prime),36,26.69,21.99,543,0.1313
Terrace Africa,Retail (Convenience),36,18.08,15.37,828,0.1247
WestProp Holdings,Mixed-Use,36,43.11,41.64,694,0.0623
WestProp Holdings,Residential (Premium),24,38.27,36.5,434,0.0172
WestProp Holdings,Residential (Premium),36,46.55,44.48,574,0.0808
WestProp Holdings,Mixed-Use,12,53.04,52.24,408,0.0881
WestProp Holdings,Residential (Premium),24,37.79,37.5,677,0.0858
WestProp Holdings,Mixed-Use,24,59.93,59.08,768,0.0208
WestProp Holdings,Mixed-Use,24,38.68,37.75,776,0.0183
WestProp Holdings,Residential (Premium),24,36.39,35.56,733,0.05
WestProp Holdings,Residential (Premium),36,34.6,34.01,536,0.0682
WestProp Holdings,Mixed-Use,24,40.38,38.77,809,0.0939
Terrace Africa,Retail (Prime),36,26.97,22.09,547,0.0351
Terrace Africa,Retail (Convenience),60,29.26,24.16,475,0.0202
WestProp Holdings,Residential (Premium),36,58.63,55.58,425,0.1324
Terrace Africa,Retail (Convenience),120,27.12,23.24,613,0.0353
Terrace Africa,Retail (Convenience),120,35.15,28.65,427,0.1226
WestProp Holdings,Residential (Premium),24,53.94,52.71,567,0.0868
WestProp Holdings,Mixed-Use,36,64.41,62.15,445,0.0116
Terrace Africa,Retail (Prime),36,26.77,23.04,464,0.0596
WestProp Holdings,Residential (Premium),24,53.04,52.5,545,0.0906
WestProp Holdings,Residential (Premium),12,48.33,45.84,487,0.1139
Terrace Africa,Retail (Prime),120,34.93,28.49,536,0.1143
WestProp Holdings,Mixed-Use,12,51.02,50.13,742,0.0544
Terrace Africa,Retail (Prime),60,32.59,27.06,696,0.0795
Terrace Africa,Retail (Convenience),60,17.76,14.59,658,0.0344
Terrace Africa,Retail (Prime),36,32.73,27.4,743,0.083
Terrace Africa,Retail (Prime),60,17.97,15.32,744,0.0543
WestProp Holdings,Residential (Premium),24,50.57,50.12,528,0.0558
Terrace Africa,Retail (Convenience),60,35.71,29.82,780,0.0932
Terrace Africa,Retail (Convenience),120,35.47,28.41,409,0.0825
Terrace Africa,Retail (Convenience),36,26.85,22.28,403,0.1009
WestProp Holdings,Mixed-Use,36,62.18,59.6,707,0.109
WestProp Holdings,Mixed-Use,12,58.45,58.67,825,0.113
WestProp Holdings,Mixed-Use,36,50.56,48.17,408,0.0293
WestProp Holdings,Residential (Premium),12,33.8,32.71,473,0.1376
WestProp Holdings,Mixed-Use,36,56.11,55.17,719,0.1004
Terrace Africa,Retail (Convenience),120,34.91,28.45,686,0.1452
WestProp Holdings,Residential (Premium),12,53.83,52.43,619,0.039
Terrace Africa,Retail (Prime),60,26.86,22.48,724,0.0425
WestProp Holdings,Mixed-Use,12,41.14,39.87,616,0.0553
Terrace Africa,Retail (Prime),120,32.34,26.55,704,0.0187
Terrace Africa,Retail (Prime),120,23.71,20.23,590,0.1397
Terrace Africa,Retail (Convenience),60,23.19,19.59,614,0.1295
WestProp Holdings,Residential (Premium),36,51.7,50.18,514,0.0528
WestProp Holdings,Mixed-Use,36,33.85,33.23,420,0.1056
WestProp Holdings,Mixed-Use,24,60.06,59.74,792,0.1481
Terrace Africa,Retail (Convenience),120,33.13,28.66,645,0.053
WestProp Holdings,Residential (Premium),36,41.39,39.42,440,0.1249
WestProp Holdings,Mixed-Use,12,47.23,46.46,782,0.0768
Terrace Africa,Retail (Convenience),120,39.39,31.87,515,0.0756
WestProp Holdings,Residential (Premium),36,37.14,36.42,605,0.0557
WestProp Holdings,Residential (Premium),36,61.17,59.33,786,0.0981
Terrace Africa,Retail (Convenience),36,38.77,31.45,621,0.1376
Terrace Africa,Retail (Convenience),60,23.05,19.06,497,0.0334
WestProp Holdings,Residential (Premium),12,37.92,36.66,791,0.0655
WestProp Holdings,Mixed-Use,24,61.13,58.84,484,0.0675
WestProp Holdings,Mixed-Use,12,60.32,58.24,735,0.0459
WestProp Holdings,Residential (Premium),24,41.83,40.72,724,0.0463
WestProp Holdings,Residential (Premium),12,51.15,49.76,584,0.0248
Terrace Africa,Retail (Convenience),60,24.5,20.26,821,0.1126
WestProp Holdings,Residential (Premium),12,39.64,38.06,659,0.0439
WestProp Holdings,Mixed-Use,24,53.07,50.34,627,0.1385
Terrace Africa,Retail (Prime),36,35.22,28.91,417,0.0733
WestProp Holdings,Residential (Premium),12,55.57,55.58,806,0.104
Terrace Africa,Retail (Convenience),120,17.77,14.75,505,0.0887
Terrace Africa,Retail (Prime),36,37.75,32.9,762,0.0474
WestProp Holdings,Residential (Premium),24,45.41,43.8,578,0.0126
WestProp Holdings,Mixed-Use,24,61.29,58.13,423,0.0853
Terrace Africa,Retail (Prime),120,19.16,15.56,421,0.1468
WestProp Holdings,Residential (Premium),12,52.08,51.4,511,0.1092
Terrace Africa,Retail (Convenience),120,32.14,27.5,677,0.1105
WestProp Holdings,Mixed-Use,24,33.93,32.51,707,0.1311
WestProp Holdings,Residential (Premium),12,46.16,45.97,778,0.1296
Terrace Africa,Retail (Convenience),60,36.13,30.25,672,0.1247
Terrace Africa,Retail (Prime),120,23.08,19.84,605,0.0862
WestProp Holdings,Mixed-Use,12,40.14,38.61,539,0.1215
Terrace Africa,Retail (Prime),36,20.68,17.24,610,0.0628
WestProp Holdings,Residential (Premium),36,40.69,38.75,426,0.0593
WestProp Holdings,Residential (Premium),12,44.22,43.1,529,0.1169
WestProp Holdings,Mixed-Use,24,44.25,42.47,434,0.0979
Terrace Africa,Retail (Prime),120,39.87,34.16,713,0.0976
WestProp Holdings,Residential (Premium),24,42.78,41.55,405,0.0598
Terrace Africa,Retail (Convenience),60,35.16,28.83,496,0.0375
Terrace Africa,Retail (Prime),36,31.21,25.78,461,0.1254
Terrace Africa,Retail (Prime),60,35.18,28.83,513,0.1337
WestProp Holdings,Mixed-Use,36,35.57,34.94,602,0.0178
WestProp Holdings,Residential (Premium),12,43.99,43.43,765,0.0517
WestProp Holdings,Residential (Premium),12,33.5,32.1,536,0.058
Terrace Africa,Retail (Convenience),60,30.05,25.52,548,0.0721
Terrace Africa,Retail (Prime),60,36.44,29.52,500,0.0939
Terrace Africa,Retail (Prime),60,20.55,17.39,775,0.0936
WestProp Holdings,Residential (Premium),36,43.42,41.57,646,0.1141
WestProp Holdings,Mixed-Use,12,45.94,44.69,580,0.0366
WestProp Holdings,Residential (Premium),12,44.41,42.62,530,0.0707
WestProp Holdings,Mixed-Use,12,58.85,56.78,445,0.1138
WestProp Holdings,Mixed-Use,12,45.66,42.96,517,0.1043
WestProp Holdings,Residential (Premium),36,45.14,44.96,698,0.0258
WestProp Holdings,Mixed-Use,36,36.67,34.54,467,0.1101
Terrace Africa,Retail (Convenience),60,28.62,24.07,668,0.0966
Terrace Africa,Retail (Convenience),60,29.41,23.69,486,0.0439
Terrace Africa,Retail (Convenience),120,30.62,26.31,582,0.1124
Terrace Africa,Retail (Convenience),60,31.49,27.45,637,0.0196
Terrace Africa,Retail (Convenience),120,24.73,21.17,772,0.0651
Terrace Africa,Retail (Prime),120,25.83,22.31,756,0.1188
WestProp Holdings,Residential (Premium),24,47.42,46.6,580,0.0849
WestProp Holdings,Mixed-Use,12,41.85,41.61,776,0.0884
Terrace Africa,Retail (Prime),60,27.33,22.44,665,0.1402
Terrace Africa,Retail (Convenience),60,18.44,15.18,845,0.1236
WestProp Holdings,Mixed-Use,24,39.8,38.27,613,0.1358
WestProp Holdings,Mixed-Use,24,37.95,37.59,791,0.056
WestProp Holdings,Residential (Premium),24,42.48,41.42,538,0.0291
WestProp Holdings,Mixed-Use,12,41.68,40.32,652,0.1022
WestProp Holdings,Mixed-Use,24,50.56,47.23,419,0.1392
WestProp Holdings,Mixed-Use,24,57.73,56.92,485,0.0571
Terrace Africa,Retail (Convenience),60,31.2,25.21,450,0.022
Terrace Africa,Retail (Convenience),60,30.22,25.41,688,0.0701
WestProp Holdings,Mixed-Use,24,57.96,54.89,509,0.1259
Terrace Africa,Retail (Convenience),120,27.69,22.41,579,0.0695
WestProp Holdings,Mixed-Use,12,49.77,48.99,417,0.0241
Terrace Africa,Retail (Prime),36,37.43,31.37,509,0.059
Terrace Africa,Retail (Convenience),120,22.7,19.17,538,0.1316
WestProp Holdings,Residential (Premium),12,41.9,40.68,802,0.1059
Terrace Africa,Retail (Prime),36,23.32,18.88,433,0.0179
WestProp Holdings,Mixed-Use,24,53.64,51.54,738,0.0581
WestProp Holdings,Mixed-Use,24,50.84,48.05,555,0.0846
Terrace Africa,Retail (Convenience),120,16.79,14.41,487,0.0584
Terrace Africa,Retail (Convenience),120,36.38,31.03,404,0.0369
WestProp Holdings,Residential (Premium),36,43.22,41.09,526,0.1038
WestProp Holdings,Residential (Premium),12,53.01,52.0,787,0.0416
WestProp Holdings,Residential (Premium),12,42.76,40.66,618,0.1286
WestProp Holdings,Mixed-Use,36,43.63,42.41,735,0.1232
Terrace Africa,Retail (Convenience),36,26.34,21.15,411,0.0664
Terrace Africa,Retail (Convenience),60,20.01,17.44,732,0.0723
Terrace Africa,Retail (Convenience),60,19.75,16.15,432,0.0401
WestProp Holdings,Mixed-Use,36,62.62,61.86,565,0.0534
Terrace Africa,Retail (Prime),60,21.62,19.12,801,0.0166
WestProp Holdings,Mixed-Use,12,42.24,40.37,460,0.1291
Terrace Africa,Retail (Prime),60,31.25,26.76,659,0.0785
Terrace Africa,Retail (Prime),36,23.66,19.34,400,0.0335
Terrace Africa,Retail (Prime),120,18.73,15.91,645,0.0312
Terrace Africa,Retail (Prime),36,25.74,21.4,723,0.0806
Terrace Africa,Retail (Convenience),120,32.24,27.11,766,0.1471
Terrace Africa,Retail (Prime),60,37.99,32.25,766,0.1104
Terrace Africa,Retail (Convenience),60,24.79,21.41,613,0.1065
Terrace Africa,Retail (Prime),120,26.37,21.19,595,0.1329
WestProp Holdings,Mixed-Use,36,49.61,48.49,415,0.0818
Terrace Africa,Retail (Prime),60,36.33,30.87,605,0.0281
Terrace Africa,Retail (Prime),120,29.17,23.49,516,0.0566
WestProp Holdings,Residential (Premium),24,62.69,60.19,630,0.1348
Terrace Africa,Retail (Prime),120,39.12,32.67,592,0.1109
WestProp Holdings,Mixed-Use,12,35.53,33.63,457,0.0288
WestProp Holdings,Mixed-Use,36,47.88,46.68,705,0.0115
WestProp Holdings,Mixed-Use,12,48.53,48.17,507,0.0645
WestProp Holdings,Residential (Premium),12,44.19,43.35,479,0.1447
Terrace Africa,Retail (Convenience),36,24.59,19.86,417,0.0554
WestProp Holdings,Mixed-Use,12,54.63,52.23,676,0.0649
WestProp Holdings,Residential (Premium),12,46.23,45.27,835,0.0262
Terrace Africa,Retail (Prime),60,34.01,27.77,486,0.1212
WestProp Holdings,Residential (Premium),24,55.4,52.06,441,0.1419
WestProp Holdings,Residential (Premium),24,51.45,50.17,416,0.0398
Terrace Africa,Retail (Prime),120,21.96,18.7,828,0.0178
Terrace Africa,Retail (Convenience),36,36.03,30.0,706,0.0245
Terrace Africa,Retail (Prime),60,31.23,26.03,743,0.1244
WestProp Holdings,Residential (Premium),12,35.37,35.41,807,0.057
WestProp Holdings,Residential (Premium),12,43.3,41.18,508,0.0806
WestProp Holdings,Mixed-Use,24,54.09,53.5,829,0.0211
WestProp Holdings,Residential (Premium),24,60.41,59.88,709,0.1396
Terrace Africa,Retail (Convenience),120,21.1,17.6,600,0.0442
WestProp Holdings,Mixed-Use,24,40.97,41.27,847,0.0721
WestProp Holdings,Mixed-Use,36,52.15,50.59,780,0.0172
Terrace Africa,Retail (Prime),36,24.7,19.94,505,0.0549
Terrace Africa,Retail (Convenience),60,38.78,32.65,507,0.1477
Terrace Africa,Retail (Prime),120,33.69,27.45,518,0.0111
WestProp Holdings,Mixed-Use,24,42.19,41.26,477,0.1241
Terrace Africa,Retail (Prime),60,38.76,33.44,466,0.0196
WestProp Holdings,Residential (Premium),24,40.97,39.02,630,0.1102
WestProp Holdings,Residential (Premium),12,57.03,54.97,610,0.0295
Terrace Africa,Retail (Prime),36,26.33,21.76,575,0.0544
Terrace Africa,Retail (Prime),60,34.17,29.15,554,0.1002
WestProp Holdings,Residential (Premium),24,51.29,48.74,579,0.0416
WestProp Holdings,Mixed-Use,36,49.26,48.52,626,0.1243
WestProp Holdings,Mixed-Use,12,59.15,56.57,580,0.0897
Terrace Africa,Retail (Prime),60,25.83,21.87,572,0.0103
Terrace Africa,Retail (Prime),36,33.7,28.57,761,0.11
WestProp Holdings,Residential (Premium),12,48.05,46.78,696,0.0274
Terrace Africa,Retail (Convenience),120,28.01,22.71,444,0.1315
WestProp Holdings,Mixed-Use,24,57.52,57.85,739,0.026
WestProp Holdings,Mixed-Use,12,52.54,51.27,638,0.0453
Terrace Africa,Retail (Prime),120,36.95,30.46,537,0.0471
Terrace Africa,Retail (Convenience),60,22.37,18.59,497,0.1328
WestProp Holdings,Mixed-Use,36,37.98,36.7,630,0.1259
WestProp Holdings,Mixed-Use,36,36.94,35.17,406,0.029
Terrace Africa,Retail (Prime),60,37.63,32.5,623,0.1094
WestProp Holdings,Mixed-Use,12,41.54,39.02,438,0.1497
Terrace Africa,Retail (Prime),36,39.79,34.38,602,0.1115
WestProp Holdings,Mixed-Use,36,63.35,59.84,510,0.1005
WestProp Holdings,Residential (Premium),36,51.06,49.9,442,0.0715
WestProp Holdings,Mixed-Use,12,58.07,55.61,468,0.1302
Terrace Africa,Retail (Prime),60,40.63,33.53,484,0.0192
WestProp Holdings,Residential (Premium),24,47.27,46.97,745,0.1101
Terrace Africa,Retail (Prime),120,20.78,16.8,543,0.0937
WestProp Holdings,Residential (Premium),36,48.73,47.6,721,0.1039
Terrace Africa,Retail (Convenience),60,27.34,23.73,663,0.0725
Terrace Africa,Retail (Prime),60,23.13,20.07,847,0.1109
Terrace Africa,Retail (Prime),36,32.48,27.34,670,0.1057
Terrace Africa,Retail (Convenience),36,36.92,30.29,741,0.1427
WestProp Holdings,Mixed-Use,24,48.96,47.49,772,0.0557
WestProp Holdings,Residential (Premium),24,42.68,41.56,704,0.0976
WestProp Holdings,Residential (Premium),36,52.18,51.99,760,0.0277
WestProp Holdings,Residential (Premium),12,57.16,55.37,825,0.0358
WestProp Holdings,Mixed-Use,24,52.63,52.1,713,0.1085
Terrace Africa,Retail (Convenience),120,33.89,29.24,611,0.0997
WestProp Holdings,Residential (Premium),24,34.46,33.02,658,0.1097
Terrace Africa,Retail (Convenience),60,29.27,24.32,423,0.0302
Terrace Africa,Retail (Convenience),120,38.47,32.87,837,0.1353
Terrace Africa,Retail (Prime),60,35.34,29.18,698,0.1399
WestProp Holdings,Mixed-Use,12,62.56,60.13,614,0.1266
Terrace Africa,Retail (Prime),36,37.83,30.66,478,0.0388
Terrace Africa,Retail (Convenience),36,29.72,25.37,427,0.0829
WestProp Holdings,Mixed-Use,12,59.52,57.73,479,0.0692
Terrace Africa,Retail (Prime),120,19.66,17.03,756,0.0237
Terrace Africa,Retail (Convenience),60,36.7,30.32,801,0.0852
Terrace Africa,Retail (Convenience),120,32.79,26.48,489,0.0738
WestProp Holdings,Residential (Premium),24,59.32,56.35,401,0.1068
WestProp Holdings,Residential (Premium),36,60.69,58.47,834,0.1218
WestProp Holdings,Residential (Premium),12,61.06,59.68,646,0.021
Terrace Africa,Retail (Convenience),120,27.88,23.07,700,0.0435
Terrace Africa,Retail (Convenience),60,36.9,32.38,780,0.0328
Terrace Africa,Retail (Convenience),120,34.2,28.16,481,0.0741
WestProp Holdings,Mixed-Use,36,58.97,56.84,461,0.0344
Terrace Africa,Retail (Convenience),60,37.46,30.65,712,0.0396
Terrace Africa,Retail (Prime),36,38.21,30.65,497,0.1213
WestProp Holdings,Residential (Premium),12,63.75,60.96,429,0.0398
Terrace Africa,Retail (Prime),36,23.27,19.1,461,0.0687
WestProp Holdings,Residential (Premium),36,58.67,59.05,792,0.0126
Terrace Africa,Retail (Convenience),120,33.82,29.29,732,0.128
Terrace Africa,Retail (Convenience),120,32.81,27.06,561,0.0992
Terrace Africa,Retail (Convenience),36,29.38,23.84,712,0.1242
WestProp Holdings,Mixed-Use,24,53.46,53.79,849,0.0448
Terrace Africa,Retail (Prime),60,30.87,26.19,580,0.0431
WestProp Holdings,Residential (Premium),24,44.53,43.07,728,0.0369
WestProp Holdings,Residential (Premium),36,44.12,41.32,439,0.0985
WestProp Holdings,Mixed-Use,12,41.56,40.38,568,0.0304
WestProp Holdings,Residential (Premium),36,62.41,60.4,411,0.0592
WestProp Holdings,Residential (Premium),12,51.31,49.81,668,0.0141
WestProp Holdings,Residential (Premium),12,54.69,53.19,543,0.1083
Terrace Africa,Retail (Prime),60,19.38,16.42,445,0.1366
Terrace Africa,Retail (Prime),60,35.01,29.07,845,0.0444
Terrace Africa,Retail (Convenience),120,37.89,33.13,797,0.086
WestProp Holdings,Mixed-Use,12,36.44,35.63,793,0.1189
WestProp Holdings,Mixed-Use,12,46.25,45.98,585,0.0686
WestProp Holdings,Mixed-Use,24,60.67,58.46,591,0.092
WestProp Holdings,Residential (Premium),12,40.48,39.98,520,0.1105
WestProp Holdings,Mixed-Use,24,51.03,49.0,696,0.0563
Terrace Africa,Retail (Convenience),120,26.51,22.32,573,0.1284
WestProp Holdings,Mixed-Use,12,41.16,39.57,729,0.0245
WestProp Holdings,Mixed-Use,24,43.99,43.67,770,0.0671
Terrace Africa,Retail (Convenience),36,34.69,28.36,745,0.1359
WestProp Holdings,Residential (Premium),36,36.31,36.09,597,0.0828
Terrace Africa,Retail (Prime),120,33.61,27.53,643,0.0402
Terrace Africa,Retail (Convenience),120,28.9,24.95,792,0.1417
WestProp Holdings,Residential (Premium),36,47.24,45.88,493,0.066
Terrace Africa,Retail (Prime),36,27.68,22.4,504,0.012
WestProp Holdings,Residential (Premium),12,42.67,41.9,419,0.0799
Terrace Africa,Retail (Prime),60,28.0,23.56,722,0.1008
WestProp Holdings,Residential (Premium),12,50.19,48.01,690,0.0826
Terrace Africa,Retail (Prime),120,23.08,18.88,779,0.1471
Terrace Africa,Retail (Convenience),60,34.33,28.92,415,0.0225
WestProp Holdings,Mixed-Use,24,61.04,61.02,653,0.0468
WestProp Holdings,Mixed-Use,24,55.87,54.26,414,0.0427
Terrace Africa,Retail (Convenience),60,32.33,26.5,662,0.0685
WestProp Holdings,Mixed-Use,24,47.81,46.59,550,0.1294
WestProp Holdings,Residential (Premium),36,39.64,38.52,585,0.085
WestProp Holdings,Residential (Premium),12,50.08,49.93,845,0.1285
Terrace Africa,Retail (Prime),36,25.55,21.56,418,0.0434
WestProp Holdings,Mixed-Use,24,45.17,43.95,740,0.0249
WestProp Holdings,Residential (Premium),12,46.5,44.08,671,0.1328
Terrace Africa,Retail (Convenience),36,23.45,20.4,627,0.0489
Terrace Africa,Retail (Convenience),36,23.06,18.7,491,0.103
Terrace Africa,Retail (Convenience),120,24.0,20.04,597,0.1384
WestProp Holdings,Mixed-Use,24,57.67,57.23,701,0.1249
WestProp Holdings,Residential (Premium),12,41.48,41.14,819,0.0215
WestProp Holdings,Residential (Premium),12,61.32,58.73,515,0.0863
Terrace Africa,Retail (Prime),60,31.01,26.84,813,0.0259
WestProp Holdings,Residential (Premium),36,58.01,56.35,486,0.0261
WestProp Holdings,Residential (Premium),12,40.69,40.25,809,0.0539
Terrace Africa,Retail (Convenience),60,33.25,27.88,489,0.0846
Terrace Africa,Retail (Prime),120,32.87,28.73,838,0.0233
Terrace Africa,Retail (Prime),120,38.58,33.01,722,0.017
Terrace Africa,Retail (Prime),36,18.52,15.67,414,0.029
Terrace Africa,Retail (Convenience),60,24.15,20.45,468,0.0457
WestProp Holdings,Residential (Premium),12,63.55,62.46,545,0.0174
Terrace Africa,Retail (Prime),60,35.44,30.48,605,0.0886
WestProp Holdings,Mixed-Use,36,43.25,42.13,534,0.0254
Terrace Africa,Retail (Prime),60,16.99,14.14,661,0.046
Terrace Africa,Retail (Convenience),120,21.34,17.35,613,0.0318
Terrace Africa,Retail (Convenience),120,21.61,17.91,561,0.083
Terrace Africa,Retail (Prime),120,38.55,32.19,619,0.0172
WestProp Holdings,Residential (Premium),36,46.11,46.26,704,0.0475
WestProp Holdings,Residential (Premium),12,35.88,35.31,526,0.0669
